rowid,first_name,last_name,email,gender,ip_address
1,Andrea,Talby,otalby0@techcrunch.com,Female,46.133.168.114
2,Ortensia,Tourville,otourville1@bravesites.com,Female,126.85.92.137
3,Andrea,Banbrigge,obanbrigge2@china.com.cn,Female,112.247.7.148
4,Hally,Paramor,hparamor3@alexa.com,Female,116.94.40.29
5,Letta,Eidelman,leidelman4@chronoengine.com,Female,0.49.42.216
6,Jacquelyn,Howett,jhowett5@51.la,Female,19.168.251.48
7,Mylo,Lorimer,mlorimer6@themeforest.net,Male,55.165.109.178
8,Gaston,Phalp,gphalp7@bizjournals.com,Male,3.177.76.111
9,Hastie,Esselin,hesselin8@harvard.edu,Male,204.154.123.208
10,James,McSwan,jmcswan9@cocolog-nifty.com,Male,48.255.4.97
11,Richart,Reiners,rreinersa@arstechnica.com,Male,182.208.181.192
12,Laney,Feuell,lfeuellb@ameblo.jp,Agender,161.16.22.100
13,Ranee,Schriren,rschrirenc@shop-pro.jp,Female,67.29.22.24
14,Patty,Vasey,pvaseyd@hc360.com,Female,65.175.228.192
15,Feodor,Bontine,fbontinee@purevolume.com,Male,112.69.194.19
16,Mireille,Frowen,mfrowenf@intel.com,Female,60.160.114.129
17,Sarina,Copson,scopsong@posterous.com,Female,105.25.212.188
18,Gery,O'Sharkey,gosharkeyh@sbwire.com,Male,113.230.4.86
19,Brantley,Akred,bakredi@cdc.gov,Male,162.126.103.79
20,Chevalier,Highway,chighwayj@netvibes.com,Male,134.227.164.206
21,Rubie,Creavan,rcreavank@tiny.cc,Female,52.65.190.46
22,Gerrard,Idenden,gidendenl@wordpress.com,Male,188.228.39.58
23,Lindy,Newband,lnewbandm@mozilla.com,Male,8.205.69.200
24,Prue,Jest,pjestn@boston.com,Female,141.170.182.122
25,Dawna,Guerrazzi,dguerrazzio@friendfeed.com,Female,246.216.56.131
26,David,Barrack,dbarrackp@bloomberg.com,Male,138.102.166.138
27,Selma,Prudham,sprudhamq@amazon.de,Female,214.39.248.213
28,Fredrick,Eustes,feustesr@skyrock.com,Male,10.161.45.174
29,Anette,Piecha,apiechas@usgs.gov,Female,199.39.119.93
30,Tammie,Stebbings,tstebbingst@icio.us,Female,6.180.248.4
31,Fonsie,Grinikhin,fgrinikhinu@freewebs.com,Male,171.136.140.195
32,Gabriel,Fields,gfieldsv@foxnews.com,Male,16.132.118.166
33,Albertina,Sanday,asandayw@gov.uk,Female,230.76.24.41
34,Barnie,Face,bfacex@baidu.com,Male,156.21.173.163
35,Mari,Gillatt,mgillatty@buzzfeed.com,Female,85.205.14.123
36,Ellwood,MacColm,emaccolmz@1und1.de,Male,251.178.164.251
37,Christyna,Francescone,cfrancescone10@sakura.ne.jp,Female,109.71.196.158
38,Nathanial,Dobbs,ndobbs11@baidu.com,Male,5.65.3.20
39,Noby,Kunze,nkunze12@mozilla.org,Male,68.157.239.195
40,Ardelle,Round,around13@cbsglobal.com,Female,79.35.23.245
41,Nicol,Crow,ncrow14@amazon.co.jp,Genderqueer,150.245.114.163
42,Louise,de Castelain,ldecastelain15@cnbc.com,Female,196.152.76.117
43,Nanette,Starten,nstarten16@mit.edu,Non-binary,236.26.71.211
44,Vivien,Benzi,vbenzi17@bigcartel.com,Female,27.59.126.76
45,Ebeneser,Breming,ebreming18@behance.net,Male,51.227.100.215
46,Alastair,Pedreschi,apedreschi19@census.gov,Male,215.150.108.68
47,Sanson,Eadmead,seadmead1a@last.fm,Male,16.125.72.151
48,Haroun,Budding,hbudding1b@ucla.edu,Male,253.198.46.148
49,Ermin,Rosingdall,erosingdall1c@archive.org,Male,56.140.160.59
50,Felecia,Ghest,fghest1d@biblegateway.com,Female,203.136.66.24
51,Electra,Tenpenny,etenpenny1e@godaddy.com,Female,85.119.222.184
52,Martie,Beldam,mbeldam1f@twitpic.com,Female,15.91.209.252
53,Jacquette,Greyes,jgreyes1g@ask.com,Agender,6.168.180.239
54,Sidney,Amorts,samorts1h@dell.com,Male,124.62.30.101
55,Nichole,Gymblett,ngymblett1i@unicef.org,Male,215.90.86.232
56,George,McPartling,gmcpartling1j@epa.gov,Male,239.86.251.110
57,Isak,Windows,iwindows1k@businessweek.com,Male,59.251.239.150
58,Art,Heape,aheape1l@utexas.edu,Non-binary,152.5.218.2
59,Austen,Dacke,adacke1m@google.de,Male,171.158.60.109
60,Madelaine,Gallgher,mgallgher1n@nbcnews.com,Female,187.211.193.50
61,Tanhya,Belsey,tbelsey1o@ca.gov,Female,138.85.243.125
62,Hilton,Langthorne,hlangthorne1p@eventbrite.com,Male,110.89.57.244
63,Alic,Flea,aflea1q@csmonitor.com,Male,215.219.204.142
64,Franz,Summersby,fsummersby1r@census.gov,Male,114.189.68.2
65,Hewet,Callister,hcallister1s@seattletimes.com,Male,245.79.153.177
66,Lotta,Veart,lveart1t@icq.com,Female,2.99.169.189
67,Siffre,Lippiello,slippiello1u@slate.com,Male,189.247.154.6
68,Candice,Galton,cgalton1v@nhs.uk,Female,180.66.155.241
69,Demetra,Deverell,ddeverell1w@nsw.gov.au,Female,231.56.144.212
70,Anabelle,Hanny,ahanny1x@answers.com,Female,121.173.60.153
71,Isadore,Schinetti,ischinetti1y@un.org,Male,105.78.180.185
72,Obidiah,Ruger,oruger1z@unc.edu,Male,169.186.167.56
73,Gennie,Edgeley,gedgeley20@flavors.me,Female,243.164.41.126
74,Lillis,Fort,lfort21@gmpg.org,Female,230.4.15.164
75,Adriaens,Mattecot,amattecot22@delicious.com,Female,148.53.140.119
76,Bobina,Impy,bimpy23@bigcartel.com,Female,36.146.31.11
77,Errol,Mauchline,emauchline24@etsy.com,Male,247.142.9.101
78,Bertie,Massy,bmassy25@aboutads.info,Male,151.154.69.119
79,Flor,Bickerstaff,fbickerstaff26@e-recht24.de,Female,58.51.117.197
80,Errol,Polglaze,epolglaze27@time.com,Male,1.150.209.40
81,Tessi,Warke,twarke28@vk.com,Female,101.149.211.63
82,Isabeau,Allin,iallin29@oaic.gov.au,Female,229.182.172.146
83,Dido,Middleweek,dmiddleweek2a@wix.com,Female,104.162.252.39
84,Marylou,Bonner,mbonner2b@scientificamerican.com,Agender,90.0.133.223
85,Muriel,Zuanazzi,mzuanazzi2c@miibeian.gov.cn,Female,18.9.3.116
86,Harley,Burcher,hburcher2d@marketwatch.com,Male,159.207.127.144
87,Flinn,Fitzhenry,ffitzhenry2e@indiegogo.com,Male,30.5.208.252
88,Dynah,Marusyak,dmarusyak2f@indiatimes.com,Female,71.58.50.100
89,Benton,Vauter,bvauter2g@trellian.com,Male,98.80.251.59
90,Marilee,Titterton,mtitterton2h@clickbank.net,Polygender,188.105.227.131
91,Diego,Borthram,dborthram2i@indiatimes.com,Male,202.1.169.175
92,Benita,Chominski,bchominski2j@arizona.edu,Genderfluid,25.163.119.4
93,Corbie,Wansbury,cwansbury2k@upenn.edu,Male,113.72.83.203
94,Marylou,Phalip,mphalip2l@youku.com,Non-binary,109.157.34.146
95,Rourke,Hugin,rhugin2m@chicagotribune.com,Male,120.90.143.218
96,Cherin,Stilgoe,cstilgoe2n@amazon.com,Female,171.255.163.56
97,Tremayne,Whales,twhales2o@zimbio.com,Male,157.80.97.39
98,Neill,Core,ncore2p@rediff.com,Male,5.8.196.13
99,Yule,Alejandro,yalejandro2q@npr.org,Male,50.181.46.13
100,Thatch,Paumier,tpaumier2r@issuu.com,Male,84.165.60.49
101,Hewie,Norssister,hnorssister2s@hao123.com,Male,145.38.198.174
102,Link,Lummasana,llummasana2t@cdbaby.com,Male,6.111.132.62
103,Renee,Pitcock,rpitcock2u@berkeley.edu,Genderfluid,235.176.111.204
104,Valeda,Zanazzi,vzanazzi2v@tmall.com,Female,220.175.210.0
105,Ike,Shields,ishields2w@instagram.com,Male,97.32.81.107
106,Bob,McTrustey,bmctrustey2x@hud.gov,Male,116.79.179.84
107,Sigfrid,Finlayson,sfinlayson2y@google.ca,Male,51.81.222.68
108,Abigael,Streatfeild,astreatfeild2z@deliciousdays.com,Genderqueer,77.139.103.62
109,Morty,Vanyashkin,mvanyashkin30@examiner.com,Male,234.78.204.8
110,Rolf,Primrose,rprimrose31@globo.com,Genderfluid,249.55.81.7
111,Romeo,Reisk,rreisk32@squidoo.com,Male,10.70.60.114
112,Nichole,Maasz,nmaasz33@wiley.com,Female,93.191.35.60
113,Lind,Campbell,lcampbell34@sphinn.com,Female,174.198.80.72
114,Joellyn,Cowtherd,jcowtherd35@fotki.com,Female,237.178.122.77
115,Rowney,Kindley,rkindley36@technorati.com,Male,66.228.151.76
116,Lorianne,Middlemass,lmiddlemass37@virginia.edu,Female,221.16.8.1
117,Fulvia,Grimes,fgrimes38@thetimes.co.uk,Genderfluid,91.245.99.69
118,Dana,Kimber,dkimber39@furl.net,Male,254.67.103.183
119,Ondrea,Houtbie,ohoutbie3a@devhub.com,Female,47.110.7.140
120,Jolyn,Dudny,jdudny3b@wordpress.com,Genderfluid,21.44.243.167
121,Jillayne,Screen,jscreen3c@indiegogo.com,Polygender,247.246.53.179
122,Linn,McNamara,lmcnamara3d@examiner.com,Male,210.80.1.217
123,Fran,Dunne,fdunne3e@vimeo.com,Polygender,215.155.239.109
124,Marcille,Simpkiss,msimpkiss3f@cdbaby.com,Female,251.12.18.231
125,Neilla,Trunchion,ntrunchion3g@squidoo.com,Female,5.199.64.240
126,Birgitta,Sarchwell,bsarchwell3h@smugmug.com,Female,152.150.191.157
127,Bernelle,Tidey,btidey3i@nhs.uk,Female,249.111.144.32
128,Linzy,Dighton,ldighton3j@oaic.gov.au,Female,154.193.166.146
129,Reggis,Colquyte,rcolquyte3k@flickr.com,Male,141.121.162.202
130,Estell,Ivanyutin,eivanyutin3l@dropbox.com,Female,241.48.204.126
131,Corine,Bonnesen,cbonnesen3m@wisc.edu,Female,166.198.32.160
132,Lou,Fall,lfall3n@twitter.com,Male,37.11.161.145
133,Ivie,Heaney`,iheaney3o@bloglines.com,Female,218.185.42.183
134,Linn,Dwane,ldwane3p@google.fr,Male,40.212.145.229
135,Tonya,Barthelemy,tbarthelemy3q@fda.gov,Female,190.119.227.1
136,Diahann,Standidge,dstandidge3r@ameblo.jp,Female,91.137.219.140
137,Wald,Marchenko,wmarchenko3s@digg.com,Agender,65.243.104.9
138,Cinderella,Teall,cteall3t@blinklist.com,Female,55.183.243.200
139,Lewes,Pinor,lpinor3u@facebook.com,Male,11.15.94.14
140,Anne,Guiel,aguiel3v@deviantart.com,Female,13.153.27.167
141,Leona,Duffield,lduffield3w@imgur.com,Genderfluid,153.173.207.42
142,Anthia,Cherry Holme,acherryholme3x@paypal.com,Female,193.116.98.193
143,Glad,Giraudou,ggiraudou3y@webeden.co.uk,Female,53.113.143.224
144,Gerrie,Craine,gcraine3z@4shared.com,Male,167.234.8.81
145,Goddart,Robertazzi,grobertazzi40@yahoo.co.jp,Male,2.164.142.109
146,Frederic,Geikie,fgeikie41@thetimes.co.uk,Male,7.161.9.162
147,Audry,Cossington,acossington42@home.pl,Female,192.165.19.236
148,Jerrilyn,Labbe,jlabbe43@netvibes.com,Female,228.123.167.159
149,Gisella,Deakes,gdeakes44@indiegogo.com,Polygender,79.134.189.69
150,Jacquetta,Rouchy,jrouchy45@businesswire.com,Female,53.8.231.247
151,Charissa,Aujouanet,caujouanet46@51.la,Female,160.26.44.69
152,Celestina,Sabben,csabben47@w3.org,Female,208.223.96.90
153,Ignatius,Thornborrow,ithornborrow48@examiner.com,Male,14.108.176.114
154,Francene,Rubinsohn,frubinsohn49@t.co,Female,203.26.38.172
155,Woodie,Riden,wriden4a@hexun.com,Male,232.141.28.86
156,Thorvald,Shimwell,tshimwell4b@opera.com,Male,62.227.43.225
157,Gwenore,Oldfield-Cherry,goldfieldcherry4c@dagondesign.com,Female,161.57.25.62
158,Dell,Fernanando,dfernanando4d@msu.edu,Male,14.162.166.54
159,Mill,Demann,mdemann4e@japanpost.jp,Male,160.248.10.252
160,Wilbert,Minto,wminto4f@usnews.com,Male,176.6.58.53
161,Quintilla,Alexandrescu,qalexandrescu4g@qq.com,Female,7.130.14.12
162,Keven,Blose,kblose4h@yolasite.com,Polygender,232.33.109.119
163,Elora,Kehoe,ekehoe4i@stanford.edu,Female,115.114.30.203
164,Amargo,Amthor,aamthor4j@amazon.de,Female,149.212.33.106
165,Isabelle,Worden,iworden4k@oakley.com,Female,193.68.221.42
166,Dona,Jacob,djacob4l@slideshare.net,Genderqueer,26.42.0.212
167,Allina,Azemar,aazemar4m@slideshare.net,Female,70.241.222.197
168,Dulcinea,Prahl,dprahl4n@seesaa.net,Female,236.94.197.123
169,Konstantine,Joynt,kjoynt4o@cloudflare.com,Male,177.94.141.30
170,Esme,Payler,epayler4p@exblog.jp,Male,238.134.162.201
171,Royall,Jenkison,rjenkison4q@bizjournals.com,Male,38.174.53.138
172,Filberte,Noor,fnoor4r@timesonline.co.uk,Polygender,232.75.211.55
173,Mick,Pizey,mpizey4s@linkedin.com,Male,41.44.237.142
174,Isabel,Allin,iallin4t@tiny.cc,Female,194.53.138.128
175,Antonius,Wapol,awapol4u@usgs.gov,Male,69.157.152.175
176,Stacia,Tart,start4v@oaic.gov.au,Female,247.84.59.169
177,Abie,Crudgington,acrudgington4w@earthlink.net,Male,72.83.127.114
178,Maurizia,Klaves,mklaves4x@furl.net,Female,213.255.189.208
179,Mayer,Reynolds,mreynolds4y@kickstarter.com,Male,223.230.145.100
180,Leonanie,Casier,lcasier4z@bigcartel.com,Polygender,2.87.38.102
181,Sigismond,Frain,sfrain50@mayoclinic.com,Male,126.96.131.42
182,Rosetta,Rivaland,rrivaland51@prlog.org,Female,200.81.148.238
183,Prinz,Reolfo,preolfo52@mozilla.org,Agender,85.126.143.61
184,Roxi,Cornejo,rcornejo53@cpanel.net,Female,152.144.182.178
185,Simeon,Livett,slivett54@google.nl,Male,154.20.145.221
186,Aubrie,Bahls,abahls55@t-online.de,Female,88.201.190.118
187,Bernete,Donson,bdonson56@wordpress.com,Female,177.161.69.192
188,Wash,Cowdery,wcowdery57@senate.gov,Male,201.246.236.5
189,Eziechiele,Collinette,ecollinette58@themeforest.net,Male,206.160.138.2
190,Benedikt,Cassella,bcassella59@elegantthemes.com,Genderqueer,167.1.16.13
191,Leela,Scanes,lscanes5a@sciencedirect.com,Female,95.61.120.69
192,Gage,Dulake,gdulake5b@nps.gov,Male,239.143.21.105
193,Mattie,Bohlmann,mbohlmann5c@wp.com,Male,216.124.119.196
194,Simonne,Dublin,sdublin5d@eepurl.com,Female,158.112.55.80
195,Kiley,Learmonth,klearmonth5e@msn.com,Male,22.79.145.0
196,Wallis,Orme,worme5f@businesswire.com,Female,100.84.138.170
197,Bartie,Spilsbury,bspilsbury5g@sina.com.cn,Male,57.146.62.14
198,Othella,Erickson,oerickson5h@dailymotion.com,Female,121.45.40.108
199,Paolina,Woolveridge,pwoolveridge5i@nba.com,Female,14.26.85.47
200,Fancy,Sommerton,fsommerton5j@umn.edu,Female,178.132.60.161
201,Frasier,Connaughton,fconnaughton5k@edublogs.org,Male,11.135.173.169
202,Corine,Danford,cdanford5l@slate.com,Female,72.149.173.4
203,Lorant,Hagley,lhagley5m@columbia.edu,Male,219.99.239.71
204,Ailsun,Spoor,aspoor5n@issuu.com,Female,24.233.246.180
205,Dorene,Reeson,dreeson5o@flavors.me,Female,204.213.125.59
206,Wolfie,Mahaffey,wmahaffey5p@arstechnica.com,Male,99.115.40.8
207,Maddalena,Dudeney,mdudeney5q@github.com,Female,84.55.255.73
208,Hamish,Braime,hbraime5r@sakura.ne.jp,Male,146.171.6.241
209,Haleigh,Sidebotham,hsidebotham5s@patch.com,Male,105.209.168.142
210,Patin,McGreal,pmcgreal5t@smugmug.com,Polygender,124.170.30.120
211,Teodora,De la Yglesia,tdelayglesia5u@craigslist.org,Female,232.100.231.99
212,Shanan,Shoppee,sshoppee5v@uiuc.edu,Male,126.155.124.45
213,Morgun,Merchant,mmerchant5w@furl.net,Male,164.246.244.155
214,Erina,Monkton,emonkton5x@webmd.com,Female,251.63.1.246
215,Ruben,Spiers,rspiers5y@samsung.com,Male,41.183.23.62
216,Kinna,Nield,knield5z@samsung.com,Female,60.124.239.60
217,Faye,Olenchikov,folenchikov60@nyu.edu,Agender,209.118.60.178
218,Lynde,Baynon,lbaynon61@ft.com,Female,234.226.132.251
219,Roz,Ovize,rovize62@instagram.com,Female,40.198.113.126
220,Ailis,Garrettson,agarrettson63@miibeian.gov.cn,Female,46.115.211.39
221,Fredric,Mougeot,fmougeot64@themeforest.net,Male,10.48.213.148
222,Olympie,Avrasin,oavrasin65@who.int,Female,8.82.162.75
223,Zacharias,Blumire,zblumire66@redcross.org,Male,243.121.131.43
224,Edee,Indruch,eindruch67@engadget.com,Female,208.102.159.202
225,Danya,Mattingson,dmattingson68@businessinsider.com,Female,160.121.4.149
226,Yorgos,Gatward,ygatward69@virginia.edu,Male,166.169.117.251
227,Simona,Jencey,sjencey6a@ca.gov,Female,76.210.246.62
228,Brander,Gaukroger,bgaukroger6b@chron.com,Male,253.16.130.114
229,Shelbi,Lavrinov,slavrinov6c@tripod.com,Female,106.125.32.60
230,Bucky,Slayford,bslayford6d@webeden.co.uk,Male,161.77.96.194
231,Annamaria,Baybutt,abaybutt6e@nationalgeographic.com,Female,241.194.220.229
232,Gracia,Goodisson,ggoodisson6f@comsenz.com,Female,240.194.250.35
233,Reinald,Congreave,rcongreave6g@columbia.edu,Male,33.219.98.144
234,Jammie,Ormshaw,jormshaw6h@icq.com,Female,162.149.173.205
235,Robinia,Hunnybun,rhunnybun6i@usgs.gov,Female,142.34.189.112
236,Ignacius,Cyples,icyples6j@abc.net.au,Male,220.42.4.160
237,Georgianna,Norbury,gnorbury6k@oakley.com,Female,197.23.225.78
238,Janella,Arndtsen,jarndtsen6l@hibu.com,Female,191.155.139.151
239,Winthrop,Le Noir,wlenoir6m@npr.org,Genderfluid,189.167.193.179
240,Grenville,Jobb,gjobb6n@freewebs.com,Male,8.125.238.62
241,Joelle,Hail,jhail6o@com.com,Female,34.43.194.250
242,Roger,Collaton,rcollaton6p@washington.edu,Genderqueer,228.34.36.111
243,Terra,Brydell,tbrydell6q@state.tx.us,Female,168.27.152.161
244,Zolly,Taplow,ztaplow6r@smugmug.com,Male,150.40.28.178
245,Fabe,Knobell,fknobell6s@constantcontact.com,Polygender,150.16.50.3
246,Dwayne,Pirot,dpirot6t@bandcamp.com,Male,75.134.25.244
247,Marthe,Waterhowse,mwaterhowse6u@thetimes.co.uk,Female,31.73.126.122
248,Marcile,Masarrat,mmasarrat6v@house.gov,Female,110.253.114.17
249,Parsifal,Arbor,parbor6w@themeforest.net,Male,33.46.51.207
250,Constantin,Harburtson,charburtson6x@tamu.edu,Male,186.142.180.62
251,Tedie,Craze,tcraze6y@php.net,Male,243.209.129.180
252,Thom,Postan,tpostan6z@woothemes.com,Male,84.249.164.21
253,Lillian,Armfirld,larmfirld70@si.edu,Female,86.185.145.101
254,Stormy,Raubenheimers,sraubenheimers71@rakuten.co.jp,Female,28.160.108.221
255,Marshall,Moan,mmoan72@scientificamerican.com,Male,17.194.141.174
256,Jehanna,Saltmarsh,jsaltmarsh73@washingtonpost.com,Female,229.233.53.220
257,Andras,Ellen,aellen74@nih.gov,Polygender,40.251.163.221
258,Martguerita,Rabbe,mrabbe75@bandcamp.com,Female,5.69.27.221
259,Olivia,Kinghorn,okinghorn76@booking.com,Female,168.1.245.234
260,Felice,Sacase,fsacase77@hhs.gov,Female,155.235.10.75
261,Warren,Morican,wmorican78@cam.ac.uk,Male,38.203.170.19
262,Emile,Ragge,eragge79@yellowbook.com,Male,81.33.131.248
263,Yolanthe,Vere,yvere7a@yahoo.com,Female,37.255.67.252
264,Patsy,Fedorchenko,pfedorchenko7b@buzzfeed.com,Female,71.144.224.47
265,Dick,Dachey,ddachey7c@facebook.com,Male,49.223.67.246
266,Tiertza,Tilbrook,ttilbrook7d@pen.io,Female,227.47.142.162
267,Rory,Torn,rtorn7e@cdc.gov,Male,131.32.105.189
268,Hoebart,Mealand,hmealand7f@usda.gov,Agender,41.83.254.102
269,Ricoriki,Godart,rgodart7g@paypal.com,Male,33.131.230.92
270,Dorthea,Dorin,ddorin7h@com.com,Female,116.104.147.43
271,Andrei,Turl,aturl7i@webs.com,Female,55.0.147.29
272,Carmencita,Rolfini,crolfini7j@blogs.com,Female,14.234.244.122
273,Fergus,Hunting,fhunting7k@sohu.com,Male,209.22.24.14
274,Garnet,Calver,gcalver7l@skype.com,Female,105.238.66.121
275,Malvina,Mulhill,mmulhill7m@uol.com.br,Female,13.172.32.121
276,Garner,Dobbins,gdobbins7n@pen.io,Male,39.218.118.78
277,Freddy,Clemow,fclemow7o@issuu.com,Female,252.160.84.249
278,Newton,Haddleston,nhaddleston7p@huffingtonpost.com,Male,212.196.82.151
279,Emilee,Tenman,etenman7q@intel.com,Agender,55.105.126.145
280,Ariel,Kleinlerer,akleinlerer7r@wikia.com,Male,195.159.29.13
281,Gerardo,Manis,gmanis7s@adobe.com,Male,143.58.169.95
282,Efren,Eastwood,eeastwood7t@comcast.net,Male,63.58.150.173
283,Mikael,Brimson,mbrimson7u@seesaa.net,Male,240.177.205.194
284,Kippy,Ardern,kardern7v@nps.gov,Male,212.206.58.230
285,Mickie,Talkington,mtalkington7w@reverbnation.com,Female,223.148.94.169
286,Richie,Tynan,rtynan7x@engadget.com,Male,200.56.219.234
287,Eldin,Fiddiman,efiddiman7y@tiny.cc,Male,184.10.222.85
288,Adele,Crispin,acrispin7z@nps.gov,Female,12.250.23.159
289,Caryl,Babe,cbabe80@redcross.org,Male,105.145.161.18
290,Fayette,Iczokvitz,ficzokvitz81@cargocollective.com,Female,141.48.182.36
291,Jermain,Mort,jmort82@yellowpages.com,Male,214.201.167.122
292,Almeria,Longina,alongina83@pinterest.com,Female,134.255.224.62
293,Connie,Wye,cwye84@dion.ne.jp,Female,15.42.69.111
294,Martguerita,Hiddersley,mhiddersley85@cam.ac.uk,Female,39.147.96.181
295,Marigold,Pennetti,mpennetti86@bloglines.com,Female,185.139.189.26
296,Justine,Queripel,jqueripel87@eventbrite.com,Female,140.249.114.113
297,Madelin,Fray,mfray88@privacy.gov.au,Female,213.163.182.90
298,Wakefield,Loney,wloney89@is.gd,Male,81.80.133.188
299,Gale,Brockington,gbrockington8a@npr.org,Female,95.235.148.104
300,Kiley,Exrol,kexrol8b@twitpic.com,Polygender,175.137.114.149
301,Sally,Marcone,smarcone8c@marketwatch.com,Female,18.20.162.44
302,Ellene,Sherborne,esherborne8d@twitter.com,Polygender,93.104.211.35
303,Natale,Eatttok,neatttok8e@goodreads.com,Non-binary,117.145.242.104
304,Remus,Zorzetti,rzorzetti8f@irs.gov,Male,151.170.111.95
305,Rowan,Davidesco,rdavidesco8g@typepad.com,Male,20.100.204.62
306,Con,Commins,ccommins8h@github.com,Polygender,153.40.169.151
307,Joann,Masser,jmasser8i@theguardian.com,Female,110.97.111.250
308,Kellen,Uebel,kuebel8j@about.me,Female,243.108.40.176
309,Caron,Trask,ctrask8k@smugmug.com,Genderfluid,150.25.66.82
310,Cary,Bowdrey,cbowdrey8l@ebay.com,Male,23.159.204.247
311,Hasty,Crowhurst,hcrowhurst8m@hibu.com,Male,97.29.123.157
312,Sutherlan,Bantock,sbantock8n@kickstarter.com,Bigender,149.183.118.194
313,Ray,Moens,rmoens8o@craigslist.org,Male,251.19.212.177
314,Allie,Spillman,aspillman8p@jimdo.com,Female,232.141.32.36
315,Ramona,Rabjohn,rrabjohn8q@mapquest.com,Female,254.184.147.213
316,Caleb,Koschke,ckoschke8r@ask.com,Male,254.211.178.118
317,Florella,Griswaite,fgriswaite8s@webmd.com,Female,194.240.19.178
318,Hugh,Radcliffe,hradcliffe8t@vinaora.com,Male,66.133.255.204
319,Rudolph,Van der Baaren,rvanderbaaren8u@elpais.com,Male,88.131.155.185
320,Selia,Askaw,saskaw8v@ifeng.com,Non-binary,113.12.219.199
321,Vassily,Gurden,vgurden8w@nhs.uk,Genderfluid,54.63.60.43
322,Paolo,Tarplee,ptarplee8x@mysql.com,Male,160.86.125.36
323,Chadwick,Schimon,cschimon8y@photobucket.com,Male,167.211.251.251
324,Lauree,Stallebrass,lstallebrass8z@google.ru,Female,143.94.197.136
325,Thekla,MacCome,tmaccome90@yelp.com,Female,217.243.65.121
326,Barby,Styles,bstyles91@bbc.co.uk,Female,210.73.200.114
327,Antoni,Gayforth,agayforth92@kickstarter.com,Male,220.21.95.115
328,Magdalena,Doore,mdoore93@slideshare.net,Female,164.153.247.87
329,Giuditta,Tomini,gtomini94@japanpost.jp,Female,130.244.13.193
330,Billy,Porcas,bporcas95@theglobeandmail.com,Male,88.210.233.8
331,Yardley,Bainton,ybainton96@altervista.org,Male,93.115.170.171
332,Allan,Sutterfield,asutterfield97@ft.com,Male,250.250.238.194
333,Britta,Brandli,bbrandli98@godaddy.com,Female,58.219.64.89
334,Darda,Birtonshaw,dbirtonshaw99@europa.eu,Female,214.218.24.17
335,Chev,Velde,cvelde9a@google.it,Agender,190.141.133.156
336,Kinnie,Stearn,kstearn9b@csmonitor.com,Male,35.160.251.31
337,Rubia,Sidary,rsidary9c@zdnet.com,Female,180.71.8.148
338,Brinn,Miners,bminers9d@hubpages.com,Female,54.241.186.52
339,Eve,Dummigan,edummigan9e@loc.gov,Female,29.222.219.73
340,Brittaney,Lintall,blintall9f@vistaprint.com,Female,180.241.111.54
341,Kienan,Houlison,khoulison9g@vimeo.com,Male,245.234.14.44
342,Anderson,Bandy,abandy9h@storify.com,Male,101.92.246.203
343,Kala,Sydry,ksydry9i@yahoo.co.jp,Non-binary,217.26.57.97
344,Kip,McLugaish,kmclugaish9j@blogger.com,Non-binary,30.222.84.221
345,Salaidh,Emeline,semeline9k@parallels.com,Bigender,44.36.228.5
346,Rahal,Twiddle,rtwiddle9l@timesonline.co.uk,Female,73.85.172.143
347,Adolf,Conigsby,aconigsby9m@biblegateway.com,Male,107.156.249.104
348,Jacynth,Burdfield,jburdfield9n@about.com,Female,150.184.29.232
349,Othella,Elwood,oelwood9o@nydailynews.com,Female,129.243.251.54
350,Idalina,Gheorghe,igheorghe9p@latimes.com,Female,60.151.198.132
351,Sigfried,Coldridge,scoldridge9q@domainmarket.com,Non-binary,162.190.26.91
352,Desmond,Vannoort,dvannoort9r@friendfeed.com,Male,166.220.160.65
353,Byrle,Flude,bflude9s@ovh.net,Male,123.132.138.18
354,Glennie,Cuvley,gcuvley9t@columbia.edu,Female,96.120.161.16
355,Holly,Stoter,hstoter9u@comsenz.com,Male,60.16.252.115
356,Hart,Fannon,hfannon9v@state.gov,Male,66.29.62.236
357,Ashely,Carrell,acarrell9w@oracle.com,Female,252.206.58.234
358,Ali,Pantone,apantone9x@skyrock.com,Male,178.172.118.167
359,Bondie,Wykey,bwykey9y@ocn.ne.jp,Non-binary,47.124.53.84
360,Eliot,Coulman,ecoulman9z@noaa.gov,Male,130.173.134.107
361,Jemie,Stockbridge,jstockbridgea0@toplist.cz,Female,40.114.246.103
362,Ericha,Casemore,ecasemorea1@dailymotion.com,Female,8.229.192.175
363,Helena,Straniero,hstranieroa2@symantec.com,Female,60.120.119.125
364,Osgood,Nerval,onervala3@ezinearticles.com,Non-binary,130.78.187.166
365,Opalina,Brumhead,obrumheada4@gravatar.com,Female,156.149.139.239
366,Quintilla,Botly,qbotlya5@theatlantic.com,Female,173.192.192.170
367,Lainey,Bleyman,lbleymana6@yelp.com,Female,22.123.208.150
368,Kale,Girone,kgironea7@i2i.jp,Male,57.178.105.182
369,Lazarus,Dawby,ldawbya8@princeton.edu,Genderfluid,172.128.181.89
370,Helena,Kelley,hkelleya9@123-reg.co.uk,Female,27.59.195.83
371,Miles,Moreno,mmorenoaa@cafepress.com,Male,229.145.108.72
372,Tedmund,Detoc,tdetocab@delicious.com,Agender,51.149.75.6
373,Thor,Patemore,tpatemoreac@hugedomains.com,Male,84.192.185.8
374,Ben,Stainfield,bstainfieldad@forbes.com,Male,194.82.43.53
375,Nil,Murt,nmurtae@cbsnews.com,Male,50.255.4.10
376,Mallory,Daleman,mdalemanaf@ovh.net,Non-binary,159.181.6.231
377,Cooper,Ivankin,civankinag@wikia.com,Non-binary,79.6.127.220
378,Ambrosius,Vinas,avinasah@prlog.org,Male,133.74.106.74
379,Luciano,Aylmore,laylmoreai@unesco.org,Male,135.197.98.241
380,Fabe,Gyngell,fgyngellaj@sbwire.com,Male,91.106.181.131
381,Harland,Birrel,hbirrelak@amazon.co.uk,Genderfluid,123.22.233.226
382,Perice,Goly,pgolyal@hc360.com,Male,124.201.58.132
383,Celestyna,Galvin,cgalvinam@house.gov,Female,185.244.250.162
384,Maxy,Hendron,mhendronan@noaa.gov,Male,44.108.115.70
385,Barn,Ianilli,bianilliao@cyberchimps.com,Male,82.141.80.254
386,Pryce,Dickins,pdickinsap@constantcontact.com,Male,106.222.49.218
387,Cati,Patriskson,cpatrisksonaq@gnu.org,Female,173.243.185.203
388,Hildagard,Vaissiere,hvaissierear@histats.com,Female,105.17.0.12
389,Zenia,Davson,zdavsonas@weather.com,Female,94.130.69.32
390,Min,Dalgarno,mdalgarnoat@gov.uk,Female,88.248.117.122
391,Zita,Grishagin,zgrishaginau@loc.gov,Female,241.241.241.14
392,Roselle,Lagadu,rlagaduav@cafepress.com,Female,120.233.180.44
393,Zorina,Lutty,zluttyaw@cloudflare.com,Female,177.130.149.187
394,Atlanta,Drinkhall,adrinkhallax@weather.com,Female,243.52.61.56
395,Stefan,Pervoe,spervoeay@free.fr,Male,230.129.34.223
396,Chris,McGowing,cmcgowingaz@google.es,Female,7.156.245.57
397,Rhodie,Aggs,raggsb0@php.net,Female,204.15.239.234
398,Ora,Gristwood,ogristwoodb1@stumbleupon.com,Female,212.69.236.0
399,Marjorie,Nockles,mnocklesb2@accuweather.com,Female,28.156.234.212
400,Barty,Seemmonds,bseemmondsb3@who.int,Male,47.95.137.128
401,Jon,Crowdson,jcrowdsonb4@nbcnews.com,Male,223.203.114.112
402,Diann,Cinelli,dcinellib5@shop-pro.jp,Female,28.140.234.10
403,Joly,Kolczynski,jkolczynskib6@networkadvertising.org,Female,36.242.152.60
404,Lynnette,Karpov,lkarpovb7@engadget.com,Female,49.181.66.55
405,Almeda,Cristofor,acristoforb8@facebook.com,Female,147.192.132.36
406,Stanton,Zorro,szorrob9@apple.com,Male,187.54.178.29
407,Gus,Snelgrove,gsnelgroveba@bluehost.com,Male,72.68.185.254
408,Bev,Craik,bcraikbb@ameblo.jp,Female,250.219.247.144
409,Alexis,Mannooch,amannoochbc@blogspot.com,Genderqueer,170.88.50.154
410,Lexie,Johannesson,ljohannessonbd@ihg.com,Female,218.213.108.225
411,Rahal,Worrill,rworrillbe@google.nl,Female,20.34.6.92
412,Olivero,Stranio,ostraniobf@google.co.jp,Genderqueer,67.40.37.12
413,Kareem,Godball,kgodballbg@ustream.tv,Male,39.236.213.45
414,Claybourne,Vedishchev,cvedishchevbh@omniture.com,Male,2.230.249.170
415,Kalinda,Sleet,ksleetbi@intel.com,Female,9.118.1.166
416,Kitty,Roelofs,kroelofsbj@comsenz.com,Genderqueer,201.209.155.117
417,Yuri,Burles,yburlesbk@arizona.edu,Male,38.249.236.133
418,Johanna,Eaglen,jeaglenbl@stumbleupon.com,Female,186.216.252.171
419,Odette,Seide,oseidebm@tripod.com,Female,111.183.86.96
420,Ileana,Kagan,ikaganbn@springer.com,Female,179.27.175.45
421,Doris,Dron,ddronbo@sitemeter.com,Female,128.233.184.197
422,Ruby,Gascoigne,rgascoignebp@engadget.com,Female,65.202.230.155
423,Hyacinth,Avraham,havrahambq@ihg.com,Female,145.16.124.8
424,Reine,Willows,rwillowsbr@yelp.com,Female,90.13.140.179
425,Jarad,Traice,jtraicebs@mtv.com,Male,64.36.252.152
426,Alric,M'Chirrie,amchirriebt@lulu.com,Male,135.122.21.3
427,Charmion,Duthie,cduthiebu@nbcnews.com,Female,129.7.250.147
428,Doll,Frie,dfriebv@quantcast.com,Female,172.6.223.62
429,Patrizia,Ledson,pledsonbw@reuters.com,Female,111.169.81.2
430,Bernice,Jullian,bjullianbx@ycombinator.com,Female,160.233.66.255
431,Claudell,Yankov,cyankovby@netvibes.com,Male,163.232.67.99
432,Nicky,Meiklejohn,nmeiklejohnbz@buzzfeed.com,Female,43.11.214.13
433,Richard,Tynan,rtynanc0@disqus.com,Male,178.79.137.196
434,Jeannette,Floweth,jflowethc1@wp.com,Female,94.162.249.215
435,Read,Mollen,rmollenc2@accuweather.com,Male,123.137.26.197
436,Cordy,Ciardo,cciardoc3@apple.com,Male,30.182.125.112
437,Maye,Harbert,mharbertc4@mozilla.com,Female,109.25.137.56
438,Rutledge,Vasyushkhin,rvasyushkhinc5@newsvine.com,Male,135.107.32.244
439,Lowrance,Sebley,lsebleyc6@unesco.org,Male,245.166.52.139
440,Elke,Clemmens,eclemmensc7@linkedin.com,Genderqueer,236.85.206.205
441,Curr,Sire,csirec8@dot.gov,Male,213.68.181.92
442,Roseline,Ayris,rayrisc9@barnesandnoble.com,Female,86.32.215.19
443,Prudi,Anetts,panettsca@themeforest.net,Female,145.190.107.222
444,Quillan,Durbin,qdurbincb@smh.com.au,Male,210.130.231.226
445,Gustav,Loker,glokercc@zdnet.com,Male,163.158.225.223
446,Freddie,Pendrey,fpendreycd@boston.com,Female,153.90.236.119
447,Sheffie,Farndale,sfarndalece@narod.ru,Male,37.64.37.78
448,Rupert,Willshear,rwillshearcf@npr.org,Male,97.13.71.255
449,Sybil,Center,scentercg@hibu.com,Female,67.145.193.68
450,Daphne,Graybeal,dgraybealch@clickbank.net,Female,124.138.77.254
451,Bonny,Cannicott,bcannicottci@umn.edu,Female,24.159.237.164
452,Hedvige,Rutherforth,hrutherforthcj@surveymonkey.com,Female,9.134.23.60
453,Veda,Simnel,vsimnelck@domainmarket.com,Female,157.76.177.139
454,Merell,Twine,mtwinecl@marriott.com,Male,55.251.82.165
455,Urbain,Astley,uastleycm@51.la,Male,72.208.14.146
456,Reagen,Molineaux,rmolineauxcn@google.com.hk,Male,70.243.107.88
457,Kat,Trahear,ktrahearco@auda.org.au,Female,129.142.79.195
458,Mace,Braz,mbrazcp@goo.gl,Male,107.53.55.60
459,Kean,Pourvoieur,kpourvoieurcq@nationalgeographic.com,Male,200.139.153.74
460,Miguelita,Lejeune,mlejeunecr@nymag.com,Female,212.63.8.128
461,Audry,Hemmingway,ahemmingwaycs@nyu.edu,Female,4.42.178.127
462,Darlleen,Mahaffey,dmahaffeyct@tinyurl.com,Female,152.238.103.251
463,Hailey,Laurance,hlaurancecu@privacy.gov.au,Male,107.69.144.143
464,Shoshana,Guilayn,sguilayncv@shareasale.com,Female,29.5.208.99
465,Alverta,Jandera,ajanderacw@ed.gov,Female,30.221.85.109
466,Nikolia,Lamberton,nlambertoncx@tiny.cc,Female,84.183.151.244
467,Latisha,Burvill,lburvillcy@fda.gov,Female,185.169.158.98
468,Loralie,Paris,lpariscz@ibm.com,Female,100.221.218.85
469,Menard,Vise,mvised0@nature.com,Male,90.224.56.20
470,Bancroft,Maxweell,bmaxweelld1@desdev.cn,Male,235.202.250.20
471,Gasper,Ogglebie,gogglebied2@prweb.com,Male,157.182.132.92
472,Nanine,Dulwitch,ndulwitchd3@sourceforge.net,Female,228.181.21.61
473,Bard,Stilgoe,bstilgoed4@wufoo.com,Male,246.112.8.178
474,Carlie,Lancetter,clancetterd5@jugem.jp,Male,72.161.154.14
475,Caitlin,Lantiffe,clantiffed6@buzzfeed.com,Female,17.80.21.102
476,Tadeas,Caulton,tcaultond7@umn.edu,Male,106.243.141.173
477,Burtie,Robertucci,brobertuccid8@reddit.com,Male,196.193.35.87
478,Frasier,Muir,fmuird9@hibu.com,Male,52.195.151.164
479,Hobey,Minker,hminkerda@hp.com,Male,67.81.201.254
480,Hermie,Martellini,hmartellinidb@xinhuanet.com,Male,35.24.168.243
481,Nicolette,Rosedale,nrosedaledc@youku.com,Female,31.214.248.208
482,Noel,Lloyds,nlloydsdd@reuters.com,Male,43.236.82.48
483,Curry,Cham,cchamde@nbcnews.com,Male,116.56.98.3
484,Emmit,Sparhawk,esparhawkdf@vkontakte.ru,Male,9.153.251.152
485,Carolynn,Rawdales,crawdalesdg@vimeo.com,Female,192.159.113.168
486,Lari,Collingridge,lcollingridgedh@vistaprint.com,Non-binary,145.70.240.39
487,Rudolfo,Prayer,rprayerdi@columbia.edu,Male,181.187.246.86
488,Maximilianus,Mcall,mmcalldj@abc.net.au,Male,252.149.54.97
489,Evita,Tailby,etailbydk@independent.co.uk,Polygender,0.173.196.99
490,Mead,Fligg,mfliggdl@zdnet.com,Male,104.171.41.193
491,Toni,O'Keevan,tokeevandm@oracle.com,Female,165.87.28.75
492,Coretta,Beddo,cbeddodn@skype.com,Female,72.153.240.162
493,Reese,Bohike,rbohikedo@japanpost.jp,Male,238.67.16.168
494,Donovan,Vala,dvaladp@artisteer.com,Male,211.252.94.92
495,Phebe,Charlick,pcharlickdq@mit.edu,Genderfluid,101.193.218.223
496,Alexine,Stork,astorkdr@pinterest.com,Female,215.151.130.18
497,Zacharia,Gilks,zgilksds@constantcontact.com,Male,210.18.224.140
498,Hendrick,Stelfax,hstelfaxdt@msn.com,Male,167.44.151.147
499,Man,Victory,mvictorydu@youku.com,Male,72.17.221.117
500,Lauree,Lezemore,llezemoredv@wired.com,Polygender,177.98.43.131
501,Cassie,Hayle,chayledw@china.com.cn,Male,171.200.233.6
502,Nina,O'Neary,nonearydx@biblegateway.com,Polygender,88.137.251.8
503,Josephine,De Mitri,jdemitridy@cnet.com,Female,250.222.201.186
504,Gabey,Denzey,gdenzeydz@sitemeter.com,Female,89.71.197.195
505,Roderic,Ambrogelli,rambrogellie0@google.com.br,Male,93.180.93.243
506,Lorena,Klais,lklaise1@businessweek.com,Female,46.152.55.92
507,Norton,Pegden,npegdene2@mapquest.com,Male,159.217.80.53
508,Joan,Breakspear,jbreakspeare3@mediafire.com,Female,171.144.43.15
509,Sky,Tomasini,stomasinie4@independent.co.uk,Male,180.104.188.30
510,Starlene,De Vaan,sdevaane5@surveymonkey.com,Female,44.130.255.151
511,Stinky,Thurstance,sthurstancee6@go.com,Male,54.145.149.104
512,Elroy,Fernihough,efernihoughe7@usda.gov,Male,32.13.35.116
513,Esra,Renforth,erenforthe8@disqus.com,Male,250.31.99.149
514,Bird,Lively,blivelye9@wiley.com,Female,52.229.187.28
515,Isak,Naismith,inaismithea@blinklist.com,Genderfluid,244.105.188.98
516,Noellyn,Tesche,ntescheeb@github.com,Female,26.184.71.107
517,Amberly,Sammars,asammarsec@house.gov,Female,184.213.0.196
518,Salome,Kubera,skuberaed@bizjournals.com,Female,139.121.4.58
519,Beverley,Kohring,bkohringee@seattletimes.com,Female,142.198.112.41
520,Rianon,Le Barre,rlebarreef@ow.ly,Female,60.54.139.253
521,Olive,Bodman,obodmaneg@vimeo.com,Female,128.39.162.51
522,Seka,Critchlow,scritchloweh@arizona.edu,Bigender,124.195.89.175
523,Ofelia,Gilby,ogilbyei@histats.com,Female,147.7.81.179
524,Loydie,Guilayn,lguilaynej@squarespace.com,Male,65.134.146.43
525,Guido,Witz,gwitzek@hud.gov,Male,20.248.103.25
526,Neilla,Thraves,nthravesel@usa.gov,Female,169.193.199.117
527,Luciano,ducarme,lducarmeem@wordpress.com,Male,115.156.107.204
528,Ade,Willets,awilletsen@vimeo.com,Agender,236.218.18.225
529,Yancey,Glandfield,yglandfieldeo@people.com.cn,Male,175.174.100.33
530,Marlee,Pogue,mpogueep@mayoclinic.com,Female,59.254.234.115
531,Heidi,Kidstone,hkidstoneeq@fc2.com,Female,28.67.81.169
532,Kirbee,Biffin,kbiffiner@cbc.ca,Female,210.8.250.31
533,Hermann,Naper,hnaperes@earthlink.net,Male,85.50.251.181
534,Emmerich,Lawry,elawryet@answers.com,Male,121.0.174.153
535,Calypso,Simonini,csimoninieu@com.com,Female,17.102.58.251
536,Kathi,Pelz,kpelzev@jigsy.com,Female,61.66.225.65
537,Elaina,Roles,erolesew@godaddy.com,Female,83.1.7.46
538,Antonino,Banger,abangerex@discuz.net,Male,125.22.45.12
539,Aldis,Willes,awillesey@hubpages.com,Male,237.19.175.50
540,Mickey,Gilby,mgilbyez@senate.gov,Male,113.231.244.65
541,Annabell,Rigden,arigdenf0@google.it,Female,126.132.167.71
542,Rad,Bruhnicke,rbruhnickef1@lycos.com,Male,6.147.9.179
543,Blinny,Enrdigo,benrdigof2@skype.com,Non-binary,161.79.106.220
544,Coretta,Empringham,cempringhamf3@xing.com,Female,30.40.97.0
545,Michael,Daventry,mdaventryf4@hibu.com,Male,23.171.183.225
546,Grant,Boole,gboolef5@marketwatch.com,Male,113.7.167.145
547,Lane,Winsbury,lwinsburyf6@mapy.cz,Male,85.115.119.239
548,Gui,Mompesson,gmompessonf7@jigsy.com,Female,44.71.221.195
549,Yard,Wibrew,ywibrewf8@ftc.gov,Male,185.119.109.239
550,Jone,Karolczyk,jkarolczykf9@buzzfeed.com,Male,120.30.30.2
551,Bink,Kornyshev,bkornyshevfa@networkadvertising.org,Male,86.71.20.111
552,Fulton,Labin,flabinfb@time.com,Male,233.13.232.100
553,Zorana,Tosney,ztosneyfc@nature.com,Female,88.39.184.153
554,Cord,Boak,cboakfd@amazon.co.uk,Male,77.150.219.33
555,Ailey,Dearnley,adearnleyfe@constantcontact.com,Female,131.221.113.21
556,Hendrika,Scholard,hscholardff@1und1.de,Female,1.188.25.47
557,Bette,Dignon,bdignonfg@netscape.com,Female,219.103.2.113
558,Guthry,O'Monahan,gomonahanfh@com.com,Male,155.41.191.169
559,Zachery,Pilmer,zpilmerfi@intel.com,Male,26.179.31.127
560,Binnie,Smales,bsmalesfj@gmpg.org,Female,154.159.125.84
561,Zelda,Suttaby,zsuttabyfk@cam.ac.uk,Female,222.186.151.136
562,Foss,Maes,fmaesfl@huffingtonpost.com,Male,59.227.149.35
563,Goldie,Brun,gbrunfm@shareasale.com,Female,223.19.124.75
564,Ulick,Roadnight,uroadnightfn@drupal.org,Male,12.123.77.243
565,Myer,Miller,mmillerfo@guardian.co.uk,Male,241.23.244.141
566,Sileas,Poag,spoagfp@weather.com,Female,88.230.165.54
567,Kingston,Melburg,kmelburgfq@tamu.edu,Male,239.153.127.57
568,Wandis,McKean,wmckeanfr@wp.com,Female,239.151.224.160
569,Lindon,Wakeley,lwakeleyfs@last.fm,Male,15.243.58.64
570,Brit,Waghorne,bwaghorneft@washington.edu,Female,96.88.19.75
571,Ibbie,Sylett,isylettfu@sbwire.com,Female,22.106.7.203
572,Roxie,Danielsohn,rdanielsohnfv@umich.edu,Female,241.130.125.57
573,Frederigo,Sarge,fsargefw@last.fm,Male,251.13.73.95
574,Lucila,Tommasetti,ltommasettifx@mysql.com,Female,210.171.219.137
575,Violante,Kintish,vkintishfy@nifty.com,Female,189.192.207.82
576,Merrili,Matysik,mmatysikfz@kickstarter.com,Female,21.87.18.209
577,Iain,Schoffel,ischoffelg0@shutterfly.com,Male,237.21.186.170
578,Truman,Lindenfeld,tlindenfeldg1@tuttocitta.it,Male,131.230.147.106
579,Adan,Harwin,aharwing2@reuters.com,Female,115.151.219.126
580,Paddie,Winton,pwintong3@hc360.com,Male,133.192.95.76
581,Ingra,Stollsteiner,istollsteinerg4@quantcast.com,Male,155.35.42.193
582,Lorette,Venner,lvennerg5@google.com.hk,Female,92.179.103.210
583,Tiler,Grubbe,tgrubbeg6@harvard.edu,Male,230.139.87.163
584,Cyrillus,Briscam,cbriscamg7@wsj.com,Male,224.172.55.49
585,Caril,McShea,cmcsheag8@narod.ru,Female,69.19.162.96
586,Tyrus,Rubenchik,trubenchikg9@yelp.com,Male,237.70.225.134
587,Humberto,Kirkbright,hkirkbrightga@google.fr,Male,59.234.123.238
588,Frants,Lauderdale,flauderdalegb@scientificamerican.com,Male,170.176.244.227
589,Cherin,Wastall,cwastallgc@nih.gov,Female,39.85.132.166
590,Cthrine,Hucker,chuckergd@google.de,Female,29.165.69.163
591,Emily,Corselles,ecorsellesge@house.gov,Female,245.211.248.240
592,Herschel,Sings,hsingsgf@reddit.com,Male,42.14.211.228
593,Sheryl,Cubbinelli,scubbinelligg@gizmodo.com,Female,8.80.202.205
594,Nahum,O'Reagan,noreagangh@ox.ac.uk,Male,231.119.213.157
595,Thorvald,Fanning,tfanninggi@friendfeed.com,Male,185.22.44.96
596,Louie,Pavyer,lpavyergj@mashable.com,Male,36.223.8.230
597,Farra,Boundy,fboundygk@xing.com,Female,196.81.198.156
598,Laird,Hubbock,lhubbockgl@washington.edu,Agender,151.110.27.84
599,Hurley,Hanham,hhanhamgm@prweb.com,Male,90.155.62.163
600,Brooke,Alvey,balveygn@harvard.edu,Male,99.119.40.11
601,Cleavland,Clooney,cclooneygo@printfriendly.com,Male,234.128.249.86
602,Cory,Roch,crochgp@twitter.com,Male,153.255.229.32
603,Olivie,Buist,obuistgq@xrea.com,Female,112.53.70.50
604,Aubrie,Sydney,asydneygr@upenn.edu,Female,50.153.8.112
605,Elysia,Whight,ewhightgs@bbc.co.uk,Female,81.159.43.128
606,Ellynn,Hubert,ehubertgt@archive.org,Bigender,18.145.245.78
607,Cherida,Havelin,chavelingu@china.com.cn,Female,31.230.25.210
608,Brigit,Hesser,bhessergv@fastcompany.com,Genderqueer,194.112.134.213
609,Murray,Caps,mcapsgw@samsung.com,Polygender,4.56.69.59
610,Abbey,Hischke,ahischkegx@washington.edu,Female,48.133.84.144
611,Goober,Kernan,gkernangy@google.pl,Male,74.206.17.30
612,Katlin,Stollman,kstollmangz@yelp.com,Female,150.225.197.23
613,Yves,Sidebotham,ysidebothamh0@tumblr.com,Male,6.172.134.207
614,Clemente,Stilly,cstillyh1@wikia.com,Male,78.202.202.233
615,Myer,Nassey,mnasseyh2@shinystat.com,Male,226.125.144.215
616,Dilly,Gronaver,dgronaverh3@feedburner.com,Male,120.180.58.198
617,Basile,Schlagman,bschlagmanh4@ucla.edu,Male,223.32.123.1
618,Hildagarde,Merrifield,hmerrifieldh5@nhs.uk,Female,77.12.43.89
619,Erskine,Gamlyn,egamlynh6@admin.ch,Male,91.51.167.30
620,Jordan,Rossey,jrosseyh7@unblog.fr,Female,49.55.118.47
621,Harley,Janusz,hjanuszh8@addtoany.com,Female,169.42.51.55
622,Bradan,Snarie,bsnarieh9@wp.com,Male,90.190.81.48
623,Rhona,De Vuyst,rdevuystha@360.cn,Female,190.206.139.202
624,Matti,Spendlove,mspendlovehb@networksolutions.com,Female,80.12.181.97
625,Vanessa,Wilcocks,vwilcockshc@seesaa.net,Female,252.184.59.138
626,Moreen,McGinnell,mmcginnellhd@acquirethisname.com,Female,3.126.42.10
627,Lemmy,Haggart,lhaggarthe@bloglovin.com,Male,164.3.8.68
628,Andrey,Farrell,afarrellhf@fotki.com,Male,163.122.106.254
629,Sherilyn,Rzehor,srzehorhg@nature.com,Female,5.90.89.81
630,Hogan,Stollwerk,hstollwerkhh@soundcloud.com,Male,65.7.134.215
631,Valeria,Bulgen,vbulgenhi@uol.com.br,Female,225.10.33.248
632,Dorella,MacGoun,dmacgounhj@e-recht24.de,Genderqueer,12.221.215.159
633,Merrielle,Smoote,msmootehk@joomla.org,Female,211.232.33.60
634,Ansley,Hattersley,ahattersleyhl@mapy.cz,Female,169.112.17.44
635,Julienne,Wingfield,jwingfieldhm@about.com,Female,74.94.197.65
636,Georgette,Gainsford,ggainsfordhn@buzzfeed.com,Female,91.64.56.147
637,Eulalie,Hollyar,ehollyarho@deliciousdays.com,Female,141.237.20.36
638,Thaxter,Astman,tastmanhp@technorati.com,Male,165.87.226.138
639,Joni,Comsty,jcomstyhq@state.tx.us,Female,61.37.172.74
640,Berkly,Finnie,bfinniehr@fastcompany.com,Male,71.225.34.254
641,Madelina,Growy,mgrowyhs@flavors.me,Female,127.127.178.253
642,Sargent,Dunckley,sdunckleyht@buzzfeed.com,Male,55.32.243.208
643,Pascale,McVity,pmcvityhu@barnesandnoble.com,Male,108.250.226.160
644,Minnie,Blethyn,mblethynhv@dedecms.com,Female,179.202.137.237
645,Yanaton,Baulcombe,ybaulcombehw@hugedomains.com,Male,52.221.50.225
646,Eugene,Lacy,elacyhx@dedecms.com,Male,191.162.182.66
647,Ellswerth,Mullally,emullallyhy@ebay.co.uk,Male,105.60.211.105
648,Sheff,Fanner,sfannerhz@google.ca,Male,101.41.174.132
649,Riannon,Whitham,rwhithami0@smh.com.au,Female,124.225.22.108
650,Tate,Richardes,trichardesi1@sbwire.com,Male,217.121.85.99
651,Sawyere,Grew,sgrewi2@wp.com,Male,175.105.241.152
652,Ray,Poncet,rponceti3@1und1.de,Male,88.175.59.119
653,Ethyl,Brogden,ebrogdeni4@msu.edu,Female,62.177.175.167
654,Bradan,Brownsell,bbrownselli5@psu.edu,Genderfluid,43.35.15.57
655,Berke,Bilton,bbiltoni6@japanpost.jp,Male,38.50.199.237
656,Wylie,Liepina,wliepinai7@de.vu,Male,137.12.84.23
657,Garold,Climie,gclimiei8@reverbnation.com,Male,15.188.170.76
658,Georgeanna,Kinson,gkinsoni9@slideshare.net,Female,20.234.95.7
659,Augustin,Chazelas,achazelasia@eventbrite.com,Male,194.59.66.39
660,Joanna,Grzegorecki,jgrzegoreckiib@vistaprint.com,Female,115.27.219.223
661,Benedicta,Sebley,bsebleyic@pinterest.com,Female,47.83.31.96
662,Tulley,Conrard,tconrardid@gmpg.org,Male,165.44.141.207
663,Earlie,Innocenti,einnocentiie@reddit.com,Genderfluid,85.146.145.202
664,Syd,Mulrooney,smulrooneyif@gravatar.com,Male,226.38.32.95
665,Wally,Gossart,wgossartig@nih.gov,Female,73.252.71.71
666,Hilario,Simonetti,hsimonettiih@hubpages.com,Male,62.154.226.33
667,Reggy,Malacrida,rmalacridaii@tripod.com,Male,166.109.74.28
668,Dorey,Beekman,dbeekmanij@stanford.edu,Female,77.231.88.108
669,Hertha,Siege,hsiegeik@seattletimes.com,Female,7.144.3.17
670,Alden,Lovelady,aloveladyil@bluehost.com,Male,169.81.242.249
671,Agata,Watling,awatlingim@economist.com,Female,73.124.182.45
672,Oralia,Kleisel,okleiselin@pinterest.com,Female,3.160.249.220
673,Hilton,Rounsivall,hrounsivallio@unc.edu,Male,173.57.255.179
674,Jan,Cagan,jcaganip@lulu.com,Male,84.63.0.209
675,Janine,Towl,jtowliq@rakuten.co.jp,Female,185.217.35.215
676,Grissel,Brocklebank,gbrocklebankir@flavors.me,Female,5.142.47.26
677,Elsey,Kelberer,ekelbereris@virginia.edu,Female,172.94.193.5
678,Gizela,Olner,golnerit@jugem.jp,Female,167.157.7.159
679,Alphard,Coviello,acovielloiu@flickr.com,Male,125.200.240.34
680,Winifield,Boom,wboomiv@mediafire.com,Male,79.108.90.194
681,Holmes,McGaughey,hmcgaugheyiw@devhub.com,Male,175.47.59.182
682,Crin,Poyner,cpoynerix@bloglovin.com,Female,216.232.19.230
683,Bat,Davinet,bdavinetiy@dailymotion.com,Male,154.253.84.36
684,Hadlee,Bevans,hbevansiz@webs.com,Male,51.16.124.11
685,Jacynth,Karp,jkarpj0@accuweather.com,Female,180.42.242.218
686,Ogdon,Dregan,odreganj1@pbs.org,Male,67.202.151.111
687,Finley,Buntine,fbuntinej2@1688.com,Male,218.155.114.49
688,Franciskus,Nottingham,fnottinghamj3@51.la,Male,107.43.206.180
689,Hillyer,Sirmon,hsirmonj4@comsenz.com,Male,24.26.47.55
690,Cicely,Warboy,cwarboyj5@census.gov,Female,40.51.94.136
691,Harriett,Yearnes,hyearnesj6@prnewswire.com,Female,183.102.82.5
692,Bernice,Node,bnodej7@whitehouse.gov,Female,250.20.125.177
693,Elianore,McNeilley,emcneilleyj8@bravesites.com,Female,190.95.79.77
694,Nelson,Coultass,ncoultassj9@google.co.jp,Male,60.224.248.127
695,Alvis,Mewha,amewhaja@reference.com,Male,75.96.211.47
696,Ceil,McLaggan,cmclagganjb@gov.uk,Female,186.117.36.130
697,Cora,Landeg,clandegjc@miitbeian.gov.cn,Female,187.129.210.192
698,Sharity,Stilly,sstillyjd@com.com,Female,140.210.108.149
699,Roch,Twycross,rtwycrossje@statcounter.com,Female,63.4.25.131
700,Aloin,Gerring,agerringjf@etsy.com,Male,152.132.182.27
701,Sarge,Millyard,smillyardjg@go.com,Male,234.124.124.241
702,Nonah,Lessmare,nlessmarejh@indiatimes.com,Female,163.43.71.196
703,Humfrey,Piatek,hpiatekji@washingtonpost.com,Male,157.143.23.131
704,Pembroke,Digges,pdiggesjj@123-reg.co.uk,Male,97.75.63.210
705,Chadwick,Tibald,ctibaldjk@tinypic.com,Male,24.126.124.75
706,Dania,Condon,dcondonjl@ftc.gov,Female,40.8.191.254
707,Abdel,Phare,apharejm@blinklist.com,Male,244.115.86.178
708,Arabelle,Skahill,askahilljn@vimeo.com,Female,190.59.69.247
709,Byrann,Goneau,bgoneaujo@artisteer.com,Male,41.234.39.218
710,Artemis,Tommaseo,atommaseojp@abc.net.au,Male,0.230.128.187
711,Nathan,Mitchenson,nmitchensonjq@about.me,Male,137.254.161.180
712,Raina,Bedminster,rbedminsterjr@kickstarter.com,Female,122.143.184.136
713,Iolanthe,McOmish,imcomishjs@bluehost.com,Female,42.112.223.148
714,Garrot,Sivewright,gsivewrightjt@addthis.com,Male,75.158.232.73
715,Suzie,Malamore,smalamoreju@wikipedia.org,Female,173.105.28.60
716,Hervey,Stallwood,hstallwoodjv@xrea.com,Male,134.89.24.14
717,Tirrell,Casperri,tcasperrijw@scribd.com,Male,225.235.123.77
718,Reeta,Cane,rcanejx@yahoo.co.jp,Female,114.110.106.241
719,Durante,Alekseicik,dalekseicikjy@seesaa.net,Agender,98.70.69.152
720,Woody,Roft,wroftjz@abc.net.au,Male,37.146.0.15
721,Tabatha,Mauvin,tmauvink0@joomla.org,Female,2.201.28.70
722,Gwynne,Shippam,gshippamk1@woothemes.com,Female,253.38.175.177
723,Milly,Causbey,mcausbeyk2@seattletimes.com,Female,16.199.14.145
724,Iosep,Aleksahkin,ialeksahkink3@bing.com,Male,198.28.38.183
725,Arleen,Moodie,amoodiek4@freewebs.com,Female,89.105.105.202
726,Trisha,Linne,tlinnek5@ca.gov,Female,58.241.178.124
727,Jard,Magnus,jmagnusk6@vistaprint.com,Male,120.249.15.94
728,Aloisia,Kagan,akagank7@cbsnews.com,Female,155.153.237.137
729,Dallas,Rizzotto,drizzottok8@statcounter.com,Male,43.240.103.178
730,Hershel,Hammond,hhammondk9@jugem.jp,Male,187.137.37.33
731,Tobiah,Tunnadine,ttunnadineka@weebly.com,Male,13.143.206.21
732,Wini,Westmore,wwestmorekb@newyorker.com,Female,67.58.214.2
733,Mallory,Colbertson,mcolbertsonkc@twitter.com,Female,109.71.244.209
734,Eliza,Pryce,eprycekd@purevolume.com,Female,137.13.96.230
735,Winnah,Ghiriardelli,wghiriardellike@51.la,Female,86.198.253.150
736,Brockie,Vaney,bvaneykf@techcrunch.com,Male,119.21.100.115
737,Elvis,Ravenhill,eravenhillkg@1688.com,Male,167.103.19.171
738,Free,Dablin,fdablinkh@last.fm,Male,104.195.251.97
739,Rees,Mennithorp,rmennithorpki@technorati.com,Male,12.192.17.110
740,Georgena,Tressler,gtresslerkj@chron.com,Female,60.168.2.7
741,Bart,Richley,brichleykk@constantcontact.com,Male,146.162.244.115
742,Page,Singleton,psingletonkl@webeden.co.uk,Female,100.20.96.152
743,Esme,Sendley,esendleykm@umich.edu,Female,31.127.212.247
744,Mariann,Bertram,mbertramkn@technorati.com,Female,241.95.217.254
745,Brewer,Corlett,bcorlettko@opera.com,Male,149.44.162.144
746,Antonino,Chidzoy,achidzoykp@miitbeian.gov.cn,Male,62.22.135.182
747,Sibyl,O'Nions,sonionskq@jalbum.net,Male,236.81.125.26
748,Tomaso,Dugget,tduggetkr@reddit.com,Male,115.120.9.6
749,Winnifred,Mallion,wmallionks@google.pl,Female,40.175.116.74
750,Duff,Alenikov,dalenikovkt@icq.com,Male,205.197.119.132
751,Kassie,Ivanchikov,kivanchikovku@1und1.de,Female,116.188.16.166
752,Lilla,Kermitt,lkermittkv@goo.gl,Female,219.47.109.162
753,Rossie,Dorin,rdorinkw@illinois.edu,Male,229.180.164.194
754,Hannie,Telezhkin,htelezhkinkx@prweb.com,Female,0.200.48.81
755,Vivian,Brimfield,vbrimfieldky@disqus.com,Female,47.246.190.79
756,Terrell,Hischke,thischkekz@newyorker.com,Male,156.27.119.185
757,Ninon,Gladwell,ngladwelll0@marriott.com,Female,223.108.241.144
758,North,Grabiec,ngrabiecl1@vimeo.com,Male,239.151.85.186
759,Tiertza,Coie,tcoiel2@theguardian.com,Female,41.172.191.70
760,Mel,Weekley,mweekleyl3@cam.ac.uk,Female,122.227.225.218
761,Catharina,Merredy,cmerredyl4@drupal.org,Female,171.223.161.166
762,Cathleen,Matchett,cmatchettl5@mac.com,Female,85.88.203.126
763,Artair,Wyburn,awyburnl6@fc2.com,Male,99.122.121.76
764,Ginny,Chiplin,gchiplinl7@ebay.co.uk,Female,78.190.206.87
765,Dyanna,Gotobed,dgotobedl8@hexun.com,Female,47.252.127.143
766,Garrik,Nabarro,gnabarrol9@fema.gov,Male,82.223.117.186
767,Patricio,Storrock,pstorrockla@hp.com,Male,160.210.214.56
768,Terese,Izkovicz,tizkoviczlb@hatena.ne.jp,Female,165.47.139.148
769,Mikaela,Colebrook,mcolebrooklc@technorati.com,Female,139.12.130.129
770,Winfred,Hatliffe,whatliffeld@tiny.cc,Male,62.232.6.217
771,Colet,Hyland,chylandle@indiatimes.com,Male,77.200.240.181
772,Denver,Mogey,dmogeylf@go.com,Male,20.210.156.14
773,Kaye,Puttnam,kputtnamlg@friendfeed.com,Genderqueer,175.181.221.241
774,Gisella,McGrowther,gmcgrowtherlh@elpais.com,Female,24.204.54.143
775,Glory,Moulsdale,gmoulsdaleli@odnoklassniki.ru,Female,167.105.96.102
776,Godwin,Buckmaster,gbuckmasterlj@hc360.com,Male,172.105.240.139
777,Ashia,Gwyther,agwytherlk@ihg.com,Female,205.180.133.177
778,Florie,Langsdon,flangsdonll@taobao.com,Female,224.13.51.75
779,Torrey,Thorlby,tthorlbylm@hugedomains.com,Male,170.157.61.51
780,Heinrik,Hoovart,hhoovartln@ebay.com,Male,164.78.3.135
781,Nat,Zecchinelli,nzecchinellilo@gmpg.org,Male,199.170.129.198
782,Cullin,Soan,csoanlp@devhub.com,Male,34.243.38.141
783,Udale,Rubinfajn,urubinfajnlq@usa.gov,Male,85.224.147.117
784,Rosamond,Barrim,rbarrimlr@tripod.com,Female,221.243.179.143
785,Justino,Ducker,jduckerls@reddit.com,Male,182.139.216.144
786,Deena,Cussons,dcussonslt@howstuffworks.com,Female,120.184.45.55
787,Raddy,Levicount,rlevicountlu@trellian.com,Male,103.195.171.65
788,Brynna,Vallance,bvallancelv@shareasale.com,Female,227.30.126.181
789,Vally,Linscott,vlinscottlw@scientificamerican.com,Female,48.198.18.89
790,Lucas,Letertre,lletertrelx@eventbrite.com,Male,101.85.212.64
791,Ivar,Spraberry,ispraberryly@tumblr.com,Male,99.191.212.142
792,Roobbie,Adaway,radawaylz@exblog.jp,Female,71.218.218.106
793,Aldus,Guerreru,aguerrerum0@github.com,Male,146.212.14.76
794,Eloise,Corona,ecoronam1@reuters.com,Female,177.175.231.216
795,Faustine,Degli Abbati,fdegliabbatim2@sciencedirect.com,Female,120.129.170.128
796,Leif,Tydd,ltyddm3@oracle.com,Male,226.121.155.9
797,Lizabeth,Schrir,lschrirm4@nytimes.com,Female,250.103.1.236
798,Marjy,Gasken,mgaskenm5@sphinn.com,Female,224.138.186.136
799,Jeth,MacDonagh,jmacdonaghm6@icio.us,Male,234.205.212.55
800,Quintin,De Goey,qdegoeym7@vinaora.com,Male,105.57.116.57
801,Pietrek,Kunzler,pkunzlerm8@cmu.edu,Male,90.164.169.204
802,Hazlett,Grishakov,hgrishakovm9@telegraph.co.uk,Male,18.152.235.87
803,Ivett,Kirstein,ikirsteinma@diigo.com,Female,13.2.169.121
804,Lazare,Peile,lpeilemb@jalbum.net,Male,86.101.39.242
805,Karylin,Esparza,kesparzamc@bloglovin.com,Female,177.67.95.48
806,Codee,Brumfield,cbrumfieldmd@boston.com,Female,250.62.24.186
807,Niles,Shankster,nshanksterme@lycos.com,Male,116.129.151.57
808,Jacintha,Blunkett,jblunkettmf@privacy.gov.au,Female,31.33.184.210
809,Nanine,Western,nwesternmg@spotify.com,Female,65.125.157.124
810,Sholom,Dallman,sdallmanmh@surveymonkey.com,Male,208.172.114.239
811,Kimberlee,Acosta,kacostami@amazon.de,Female,85.157.26.240
812,Jamima,Kaines,jkainesmj@wordpress.org,Female,142.11.16.29
813,Fonzie,Bamborough,fbamboroughmk@is.gd,Male,118.122.84.152
814,Zelig,Batterham,zbatterhamml@qq.com,Male,98.136.105.93
815,Gwyneth,Simeone,gsimeonemm@fda.gov,Female,57.18.14.82
816,George,Spinage,gspinagemn@sphinn.com,Female,172.9.209.134
817,Jo,Timblett,jtimblettmo@yandex.ru,Male,205.210.81.116
818,Seth,Doughartie,sdoughartiemp@independent.co.uk,Male,229.181.198.152
819,Kristo,Cater,kcatermq@instagram.com,Male,213.102.145.116
820,Jennie,Barenski,jbarenskimr@forbes.com,Female,209.94.134.238
821,Cordie,Bilbrooke,cbilbrookems@fda.gov,Male,5.211.220.190
822,Moshe,Marval,mmarvalmt@blogtalkradio.com,Male,172.79.26.232
823,Happy,McLice,hmclicemu@issuu.com,Female,244.239.175.21
824,Calli,Faley,cfaleymv@examiner.com,Female,246.188.25.98
825,Mariel,Dickings,mdickingsmw@unesco.org,Female,0.56.208.85
826,Nonnah,Hillburn,nhillburnmx@blogspot.com,Female,192.5.192.215
827,Willem,O' Driscoll,wodriscollmy@who.int,Male,184.55.225.14
828,Birk,Cristofolo,bcristofolomz@msn.com,Male,25.158.206.231
829,Jarad,Tenwick,jtenwickn0@soup.io,Male,165.220.128.46
830,Rosanne,Pointon,rpointonn1@omniture.com,Female,213.30.123.180
831,Rodrick,Bess,rbessn2@godaddy.com,Male,29.23.143.57
832,Blaine,Saffill,bsaffilln3@mashable.com,Male,35.87.57.218
833,Britt,Fennelly,bfennellyn4@msu.edu,Female,28.70.137.115
834,Ximenez,Trowl,xtrowln5@rambler.ru,Male,106.223.86.193
835,Elston,Rotte,erotten6@oaic.gov.au,Male,18.19.148.103
836,Waiter,Jerrome,wjerromen7@geocities.jp,Male,199.194.45.181
837,Tuck,Bordone,tbordonen8@ameblo.jp,Male,175.81.179.171
838,Gabbi,Wyatt,gwyattn9@nymag.com,Non-binary,247.187.183.238
839,Lotte,Palatino,lpalatinona@vkontakte.ru,Female,54.87.118.189
840,Shell,Geroldini,sgeroldininb@examiner.com,Male,78.241.214.138
841,Priscilla,Phinnis,pphinnisnc@china.com.cn,Female,206.144.187.87
842,Goldy,Forge,gforgend@sitemeter.com,Female,154.201.110.86
843,Flory,Aloigi,faloigine@google.nl,Male,235.221.90.141
844,Del,Keller,dkellernf@fotki.com,Female,56.54.101.235
845,Aline,Savidge,asavidgeng@pbs.org,Female,14.119.96.44
846,Sherri,Rounsefull,srounsefullnh@exblog.jp,Agender,12.130.75.171
847,Laurette,Burriss,lburrissni@istockphoto.com,Genderqueer,167.47.175.137
848,Cord,Andersson,canderssonnj@miitbeian.gov.cn,Male,166.184.229.48
849,Creight,Lieber,cliebernk@people.com.cn,Male,79.122.177.39
850,Sol,Rowsel,srowselnl@tinypic.com,Male,243.173.251.122
851,Elbertine,Hadfield,ehadfieldnm@w3.org,Female,215.144.94.129
852,Erina,Grundey,egrundeynn@barnesandnoble.com,Female,206.237.20.209
853,Dot,Korfmann,dkorfmannno@patch.com,Female,214.217.42.123
854,Ebba,Bison,ebisonnp@netvibes.com,Female,26.40.247.74
855,Bart,Beever,bbeevernq@paginegialle.it,Male,204.96.2.218
856,Mame,Harding,mhardingnr@tripod.com,Female,44.188.52.179
857,Tabbie,Broune,tbrounens@ca.gov,Female,25.149.70.162
858,Abran,Van Daalen,avandaalennt@gnu.org,Male,1.62.182.113
859,Miller,Gramer,mgramernu@sogou.com,Male,137.34.43.20
860,Cassaundra,Honisch,chonischnv@discovery.com,Female,101.58.221.163
861,Wandis,O'Kenny,wokennynw@joomla.org,Female,80.200.255.61
862,Bellina,Barthelemy,bbarthelemynx@sohu.com,Female,130.121.125.109
863,Claudius,Garwood,cgarwoodny@dell.com,Male,211.66.71.136
864,Saunderson,Mussilli,smussillinz@a8.net,Male,210.188.70.117
865,Issiah,Fidele,ifideleo0@biblegateway.com,Male,117.105.114.102
866,Don,Allen,dalleno1@tinyurl.com,Male,80.235.39.46
867,Lyman,Semkins,lsemkinso2@prweb.com,Male,102.202.251.18
868,Judith,McCosh,jmccosho3@ycombinator.com,Female,187.189.202.182
869,Carmine,Spada,cspadao4@bloomberg.com,Female,20.214.164.237
870,Rorke,Betjes,rbetjeso5@foxnews.com,Male,64.152.151.103
871,Merrili,Doone,mdooneo6@princeton.edu,Female,14.117.89.235
872,Wenonah,Plaunch,wplauncho7@desdev.cn,Female,119.40.215.242
873,Jamison,De Vaan,jdevaano8@themeforest.net,Male,65.74.144.246
874,Niki,Loton,nlotono9@economist.com,Male,185.166.137.88
875,Izaak,Croke,icrokeoa@mlb.com,Male,221.75.115.254
876,Oates,McLanaghan,omclanaghanob@samsung.com,Male,151.145.108.104
877,Zenia,McGinley,zmcginleyoc@google.nl,Female,153.252.17.31
878,Aveline,Gourlie,agourlieod@goodreads.com,Female,95.23.181.168
879,Jerad,Bahls,jbahlsoe@oracle.com,Male,181.41.102.140
880,Joachim,Berzons,jberzonsof@tamu.edu,Male,109.108.143.169
881,Vitia,Billanie,vbillanieog@upenn.edu,Female,19.28.40.193
882,Willette,Kryszkiecicz,wkryszkieciczoh@nytimes.com,Female,226.20.78.20
883,Bronson,Dunster,bdunsteroi@google.ru,Male,168.97.96.176
884,Nari,Wrightson,nwrightsonoj@uol.com.br,Female,140.251.113.91
885,Claus,Ashby,cashbyok@github.com,Male,53.67.26.66
886,Evin,Jeaneau,ejeaneauol@unicef.org,Male,62.154.45.3
887,Garold,Shugg,gshuggom@booking.com,Male,141.147.223.216
888,Mable,Northern,mnorthernon@miibeian.gov.cn,Genderqueer,18.232.16.214
889,Warren,Michurin,wmichurinoo@privacy.gov.au,Male,18.80.251.22
890,Dimitry,Lanaway,dlanawayop@cbslocal.com,Male,18.234.67.83
891,Giulietta,Ewence,gewenceoq@buzzfeed.com,Female,133.61.15.179
892,Ker,Olczak,kolczakor@economist.com,Male,47.135.52.81
893,Fawn,Wesson,fwessonos@europa.eu,Female,184.203.136.93
894,Kit,Perutto,kperuttoot@last.fm,Agender,197.56.143.245
895,Josephine,Goodby,jgoodbyou@ifeng.com,Female,166.198.50.113
896,Sandi,Muff,smuffov@oracle.com,Female,65.142.80.122
897,Garrik,Jandl,gjandlow@shutterfly.com,Male,141.137.144.81
898,Alan,Duffy,aduffyox@businessweek.com,Male,72.54.80.152
899,Niall,Ozelton,nozeltonoy@wordpress.org,Male,203.123.25.17
900,Minnnie,Forty,mfortyoz@cdc.gov,Female,142.84.58.225
901,Ethan,Gonsalvez,egonsalvezp0@rakuten.co.jp,Male,44.86.135.136
902,Guillaume,Sloyan,gsloyanp1@pcworld.com,Male,53.53.182.66
903,Cortie,Dayer,cdayerp2@youtu.be,Male,26.38.203.23
904,Libbie,Sharphouse,lsharphousep3@hc360.com,Female,103.0.197.101
905,Charla,Mellody,cmellodyp4@harvard.edu,Female,198.70.111.198
906,Cobbie,Croser,ccroserp5@pagesperso-orange.fr,Male,92.220.79.231
907,Nataline,Thonger,nthongerp6@vk.com,Female,247.98.97.54
908,Wenona,Edden,weddenp7@newyorker.com,Female,197.185.43.65
909,Grayce,Mooreed,gmooreedp8@msn.com,Female,56.188.202.218
910,Blake,Laroze,blarozep9@paginegialle.it,Female,48.82.110.20
911,Irving,Polendine,ipolendinepa@usnews.com,Agender,226.78.173.55
912,Chiquita,Zoanetti,czoanettipb@tinyurl.com,Female,196.137.237.59
913,Bethanne,De Benedetti,bdebenedettipc@irs.gov,Genderfluid,89.134.160.217
914,Morris,Dooler,mdoolerpd@youtube.com,Male,248.202.254.141
915,Drusilla,Morgan,dmorganpe@skype.com,Female,75.190.230.234
916,Gregor,Hardistry,ghardistrypf@cmu.edu,Male,117.100.33.246
917,Kippie,McBay,kmcbaypg@plala.or.jp,Male,156.170.82.209
918,Eirena,Tolworthy,etolworthyph@google.com.hk,Female,213.123.249.169
919,Lanita,Hutcheon,lhutcheonpi@sun.com,Female,0.134.199.74
920,Leisha,Platt,lplattpj@smh.com.au,Female,205.107.218.189
921,Quinn,Sparling,qsparlingpk@nymag.com,Genderqueer,117.23.126.184
922,Vanda,Loren,vlorenpl@1688.com,Genderfluid,67.204.134.13
923,Brandi,Pettecrew,bpettecrewpm@merriam-webster.com,Female,154.132.104.209
924,Kerry,Duffield,kduffieldpn@timesonline.co.uk,Female,210.35.214.57
925,Evered,Marin,emarinpo@ihg.com,Male,160.154.152.186
926,Mozes,Barringer,mbarringerpp@delicious.com,Male,132.164.235.238
927,Tye,Yitzovitz,tyitzovitzpq@dmoz.org,Male,151.25.237.142
928,Aleta,Keyse,akeysepr@parallels.com,Female,81.88.135.244
929,Finlay,Leney,fleneyps@hugedomains.com,Male,64.218.37.182
930,Derrick,Repp,drepppt@wp.com,Male,122.18.80.5
931,Roslyn,Klimowski,rklimowskipu@mysql.com,Female,216.75.170.139
932,Chiquita,Hounson,chounsonpv@yellowpages.com,Female,219.113.152.84
933,Enrico,Barrott,ebarrottpw@google.com.au,Male,178.198.115.161
934,Chick,Mawson,cmawsonpx@oakley.com,Male,141.36.236.116
935,Blinni,Pigdon,bpigdonpy@lulu.com,Female,231.0.181.98
936,Jon,Uwins,juwinspz@topsy.com,Male,161.147.225.16
937,Beltran,Pizzey,bpizzeyq0@blogs.com,Male,67.231.167.130
938,Robbie,Vosse,rvosseq1@tumblr.com,Female,190.243.214.251
939,Whitaker,Midden,wmiddenq2@feedburner.com,Male,54.13.255.162
940,Conroy,Tyrone,ctyroneq3@cbsnews.com,Male,233.2.211.91
941,Vanessa,Pennell,vpennellq4@bigcartel.com,Female,132.170.169.30
942,Goddart,Abrahm,gabrahmq5@nifty.com,Male,147.214.21.145
943,Cathy,Melmoth,cmelmothq6@mozilla.com,Female,222.190.20.102
944,Shauna,MacCurley,smaccurleyq7@nationalgeographic.com,Female,166.138.228.44
945,Ewan,Chesman,echesmanq8@barnesandnoble.com,Bigender,240.185.150.3
946,Reine,Anglin,ranglinq9@constantcontact.com,Female,72.122.162.252
947,Malia,Ramshay,mramshayqa@fc2.com,Non-binary,91.226.225.16
948,Deloria,Pedley,dpedleyqb@w3.org,Female,153.211.198.154
949,Jsandye,Conquer,jconquerqc@mozilla.org,Female,129.200.101.240
950,Ainsley,Page,apageqd@ed.gov,Female,179.111.13.151
951,Danella,McGoldrick,dmcgoldrickqe@netvibes.com,Female,192.126.188.45
952,Jethro,Corns,jcornsqf@paginegialle.it,Male,238.31.85.48
953,Diana,Bernhardsson,dbernhardssonqg@sourceforge.net,Polygender,210.74.126.223
954,Tamara,North,tnorthqh@unesco.org,Female,44.116.129.58
955,Noby,Went,nwentqi@xinhuanet.com,Male,233.195.68.232
956,Carson,Palffy,cpalffyqj@prnewswire.com,Male,233.87.150.136
957,Coleman,Babar,cbabarqk@123-reg.co.uk,Male,30.227.206.41
958,Lazar,Vandenhoff,lvandenhoffql@ed.gov,Male,60.52.197.61
959,Teodor,Nunan,tnunanqm@slideshare.net,Male,167.62.102.156
960,Griselda,Quigg,gquiggqn@cisco.com,Female,15.0.175.214
961,Cassandre,Cadge,ccadgeqo@ftc.gov,Bigender,249.5.44.122
962,Ivor,Nibley,inibleyqp@narod.ru,Male,46.142.113.72
963,Dom,Gero,dgeroqq@instagram.com,Male,42.73.214.162
964,Candide,Gobeaux,cgobeauxqr@usa.gov,Female,241.17.47.71
965,Nicolette,Botright,nbotrightqs@google.cn,Female,151.107.76.28
966,Karim,Lovatt,klovattqt@amazon.com,Male,104.217.223.78
967,Kenneth,Lamming,klammingqu@nih.gov,Bigender,206.69.182.194
968,Stern,Eckhard,seckhardqv@wikimedia.org,Male,62.176.51.209
969,Tonie,Sorey,tsoreyqw@unblog.fr,Female,138.33.0.118
970,Toddie,Reyburn,treyburnqx@tuttocitta.it,Male,5.190.67.57
971,Baron,Geraldini,bgeraldiniqy@wikia.com,Male,56.143.86.141
972,Cassy,Calderbank,ccalderbankqz@blinklist.com,Female,33.181.229.21
973,Lawton,Itzik,litzikr0@gov.uk,Male,91.202.58.131
974,Erwin,Furtado,efurtador1@mozilla.com,Male,45.45.85.97
975,Yalonda,Agronski,yagronskir2@artisteer.com,Female,232.61.180.208
976,Lurleen,Sprigings,lsprigingsr3@opensource.org,Female,75.120.29.193
977,Shirley,Rasor,srasorr4@economist.com,Female,60.142.247.238
978,Shurwood,Smalls,ssmallsr5@sogou.com,Male,95.187.91.188
979,Glendon,Bicker,gbickerr6@myspace.com,Male,175.239.22.158
980,Benetta,Stopp,bstoppr7@nationalgeographic.com,Female,81.247.66.4
981,Khalil,Enrique,kenriquer8@wikispaces.com,Male,133.104.80.176
982,Letty,Suff,lsuffr9@mysql.com,Female,38.235.149.0
983,Erna,Southernwood,esouthernwoodra@github.io,Female,17.53.145.217
984,Glenden,Izhakov,gizhakovrb@wix.com,Male,109.45.110.8
985,Elsinore,Hawkey,ehawkeyrc@redcross.org,Female,107.149.217.141
986,Orlan,Micah,omicahrd@zimbio.com,Male,172.19.100.68
987,Bonita,Stinson,bstinsonre@istockphoto.com,Female,41.74.125.62
988,Fredrick,Glastonbury,fglastonburyrf@a8.net,Male,9.3.98.186
989,Monte,Wayne,mwaynerg@princeton.edu,Male,25.11.37.35
990,Bondy,Kingston,bkingstonrh@webeden.co.uk,Male,58.247.68.92
991,Elfie,Girod,egirodri@mayoclinic.com,Female,147.17.138.49
992,Maren,Burbage,mburbagerj@hud.gov,Female,209.230.245.238
993,Lannie,McGougan,lmcgouganrk@wired.com,Male,66.63.127.28
994,Chastity,Garlant,cgarlantrl@cdbaby.com,Female,193.25.92.46
995,Vick,Bott,vbottrm@cbslocal.com,Male,34.75.133.149
996,Jerry,Nisby,jnisbyrn@about.me,Bigender,23.170.194.54
997,Inglebert,Flowerden,iflowerdenro@mlb.com,Male,134.198.166.123
998,Vivienne,Behneke,vbehnekerp@disqus.com,Female,187.94.107.158
999,Barrett,Harkin,bharkinrq@howstuffworks.com,Male,205.206.115.162
1000,Eduardo,Craney,ecraneyrr@hubpages.com,Agender,13.5.197.91
